Country_Region,Last_Update,Lat,Long_,Confirmed,Deaths,Recovered,Active
<<<<<<< HEAD
<<<<<<< Updated upstream
<<<<<<< Updated upstream
<<<<<<< Updated upstream
Australia,2020-03-31 19:46:38,-25.0,133.0,4559,18,358,4183
Austria,2020-03-31 19:41:11,47.5162,14.5501,10122,128,1095,8899
Canada,2020-03-31 19:46:24,60.001000000000005,-95.001,8180,95,1020,0
China,2020-03-31 13:54:04,30.5928,114.3055,82278,3309,76206,2763
Denmark,2020-03-31 19:41:11,56.0,10.0,3039,90,77,2872
Finland,2020-03-31 19:41:11,61.9241,25.7482,1418,17,10,1391
France,2020-03-31 19:41:11,46.2276,2.2137,52827,3532,9513,39782
Germany,2020-03-31 19:41:11,51.1657,10.4515,70985,682,15824,54479
Iceland,2020-03-31 19:41:11,64.9631,-19.0208,1135,2,198,935
Ireland,2020-03-31 19:41:11,53.1424,-7.6921,3235,71,5,3159
Italy,2020-03-31 19:41:11,41.8719,12.5674,105792,12428,15729,77635
Netherlands,2020-03-31 19:41:11,52.3167,5.55,12667,1040,253,11374
Norway,2020-03-31 19:41:11,60.472,8.4689,4630,39,13,4578
Russia,2020-03-31 19:41:11,61.523999999999994,105.3188,2337,17,121,2199
Sweden,2020-03-31 19:41:11,60.1282,18.6435,4435,180,16,4239
Switzerland,2020-03-31 19:41:11,46.8182,8.2275,16605,433,1823,14349
United Kingdom,2020-03-31 19:41:11,55.0,-3.0,25474,1793,179,23502
US,2020-03-31 19:41:24,40.0,-100.0,181099,3606,6038,0
Afghanistan,2020-03-31 19:41:11,33.93911,67.709953,174,4,5,165
Albania,2020-03-31 19:41:11,41.1533,20.1683,243,15,52,176
Algeria,2020-03-31 19:41:11,28.0339,1.6596,716,44,46,626
Andorra,2020-03-31 19:41:11,42.5063,1.5218,370,8,10,352
Angola,2020-03-31 19:41:11,-11.2027,17.8739,7,2,1,4
Antigua and Barbuda,2020-03-31 19:41:11,17.0608,-61.7964,7,0,0,7
Argentina,2020-03-31 19:41:11,-38.4161,-63.6167,966,26,240,700
Armenia,2020-03-31 19:41:11,40.0691,45.0382,532,3,30,499
Azerbaijan,2020-03-31 19:41:11,40.1431,47.5769,298,5,26,267
Bahamas,2020-03-31 19:41:11,25.025885,-78.035889,14,0,1,13
Bahrain,2020-03-31 19:41:11,26.0275,50.55,567,4,295,268
Bangladesh,2020-03-31 19:41:11,23.685,90.3563,51,5,25,21
Barbados,2020-03-31 19:41:11,13.1939,-59.5432,34,0,0,34
Belarus,2020-03-31 19:41:11,53.7098,27.9534,152,1,47,104
Belgium,2020-03-31 19:41:11,50.8333,4.469936,12775,705,1696,10374
Belize,2020-03-31 19:41:11,17.1899,-88.4976,3,0,0,3
Benin,2020-03-31 19:41:11,9.3077,2.3158,9,0,1,8
Bhutan,2020-03-31 19:41:11,27.5142,90.4336,4,0,0,4
Bolivia,2020-03-31 19:41:11,-16.2902,-63.5887,107,6,0,101
Bosnia and Herzegovina,2020-03-31 19:41:11,43.9159,17.6791,418,12,17,389
Botswana,2020-03-31 19:41:11,-22.3285,24.6849,3,0,0,3
Brazil,2020-03-31 19:41:11,-14.235,-51.9253,4725,168,127,4430
Brunei,2020-03-31 19:41:11,4.5353,114.7277,129,1,45,83
Bulgaria,2020-03-31 19:41:11,42.7339,25.4858,399,8,17,374
Burkina Faso,2020-03-31 19:41:11,12.2383,-1.5616,261,14,32,215
Burma,2020-03-31 19:41:11,21.9162,95.956,15,1,0,14
Burundi,2020-03-31 19:41:11,-3.3731,29.9189,2,0,0,2
Cabo Verde,2020-03-31 19:41:11,16.5388,-23.0418,6,1,0,5
Cambodia,2020-03-31 19:41:11,11.55,104.9167,109,0,23,86
Cameroon,2020-03-31 19:41:11,3.848,11.5021,193,6,5,182
Central African Republic,2020-03-31 19:41:11,6.6111,20.9394,3,0,0,3
Chad,2020-03-31 19:41:11,15.4542,18.7322,7,0,0,7
Chile,2020-03-31 19:41:11,-35.6751,-71.543,2738,12,156,2570
Colombia,2020-03-31 19:41:11,4.5709,-74.2973,906,16,31,859
Congo (Brazzaville),2020-03-31 19:41:11,-4.2634,15.2832,19,0,0,19
Congo (Kinshasa),2020-03-31 19:41:11,-4.322447,15.307045,98,8,2,88
Costa Rica,2020-03-31 19:41:11,9.7489,-83.7534,347,2,4,341
Cote d'Ivoire,2020-03-31 19:41:11,7.54,-5.5471,168,1,6,161
Croatia,2020-03-31 19:41:11,45.1,15.2,867,6,67,794
Cuba,2020-03-31 19:41:11,21.521757,-77.78116700000002,186,6,8,172
Cyprus,2020-03-31 19:41:11,35.1264,33.4299,262,8,23,231
Czechia,2020-03-31 19:41:11,49.8175,15.473,3257,31,45,3181
Diamond Princess,2020-03-31 19:41:11,0.0,0.0,712,10,603,99
Djibouti,2020-03-31 19:41:11,11.8251,42.5903,30,0,0,30
Dominica,2020-03-31 19:41:11,15.415,-61.371,12,0,0,12
Dominican Republic,2020-03-31 19:41:11,18.7357,-70.1627,1109,51,5,1053
Ecuador,2020-03-31 19:41:11,-1.8312,-78.1834,2240,75,54,2111
Egypt,2020-03-31 19:41:11,26.820553000000004,30.802498,710,46,157,507
El Salvador,2020-03-31 19:41:11,13.7942,-88.8965,32,0,0,32
Equatorial Guinea,2020-03-31 19:41:11,1.6508,10.2679,12,0,1,11
Eritrea,2020-03-31 19:41:11,15.1794,39.7823,15,0,0,15
Estonia,2020-03-31 19:41:11,58.5953,25.0136,745,4,26,715
Eswatini,2020-03-31 19:41:11,-26.5225,31.4659,9,0,0,9
Ethiopia,2020-03-31 19:41:11,9.145,40.4897,26,0,2,24
Fiji,2020-03-31 19:41:11,-17.7134,178.065,5,0,0,5
Gabon,2020-03-31 19:41:11,-0.8037,11.6094,16,1,0,15
Gambia,2020-03-31 19:41:11,13.4432,-15.3101,4,1,0,3
Georgia,2020-03-31 19:41:11,42.3154,43.3569,110,0,21,89
Ghana,2020-03-31 19:41:11,7.9465,-1.0232,161,5,31,125
Greece,2020-03-31 19:41:11,39.0742,21.8243,1314,49,52,1213
Grenada,2020-03-31 19:41:11,12.1165,-61.679,9,0,0,9
Guatemala,2020-03-31 19:41:11,15.7835,-90.2308,36,1,10,25
Guinea,2020-03-31 19:41:11,9.9456,-9.6966,22,0,0,22
Guinea-Bissau,2020-03-31 19:41:11,11.8037,-15.1804,8,0,0,8
Guyana,2020-03-31 19:41:11,4.860416000000002,-58.93018000000001,12,2,0,10
Haiti,2020-03-31 19:41:11,18.9712,-72.2852,15,0,1,14
Holy See,2020-03-31 19:41:11,41.9029,12.4534,6,0,0,6
Honduras,2020-03-31 19:41:11,15.2,-86.2419,141,7,3,131
Hungary,2020-03-31 19:41:11,47.1625,19.5033,492,16,37,439
India,2020-03-31 19:41:11,20.593684,78.96288,1397,35,123,1239
Indonesia,2020-03-31 19:41:11,-0.7893,113.9213,1528,136,81,1311
Iran,2020-03-31 19:41:11,32.427908,53.68804599999999,44605,2898,14656,27051
Iraq,2020-03-31 19:41:11,33.223191,43.679291,694,50,170,474
Israel,2020-03-31 19:41:11,31.046051,34.851612,5358,20,224,5114
Jamaica,2020-03-31 19:41:11,18.1096,-77.2975,36,1,2,33
Japan,2020-03-31 19:41:11,36.204824,138.252924,1953,56,424,1473
Jordan,2020-03-31 19:41:11,31.24,36.51,274,5,30,239
Kazakhstan,2020-03-31 19:41:11,48.0196,66.9237,340,2,22,316
Kenya,2020-03-31 19:41:11,-0.0236,37.9062,59,1,1,57
"Korea, South",2020-03-31 19:41:11,35.90775700000001,127.766922,9786,162,5408,4216
Kosovo,2020-03-31 19:41:11,42.602636,20.902977,106,1,1,104
Kuwait,2020-03-31 19:41:11,29.31166,47.481766,289,0,73,216
Kyrgyzstan,2020-03-31 19:41:11,41.20438,74.766098,107,0,3,104
Laos,2020-03-31 19:41:11,19.85627,102.495496,9,0,0,9
Latvia,2020-03-31 19:41:11,56.8796,24.6032,398,0,1,397
Lebanon,2020-03-31 19:41:11,33.8547,35.8623,463,12,37,414
Liberia,2020-03-31 19:41:11,6.4280550000000005,-9.429499,3,0,0,3
Libya,2020-03-31 19:41:11,26.3351,17.228331,8,0,0,8
Liechtenstein,2020-03-31 19:41:11,47.14,9.55,68,0,0,68
Lithuania,2020-03-31 19:41:11,55.1694,23.8813,537,8,7,522
Luxembourg,2020-03-31 19:41:11,49.8153,6.1296,2178,23,80,2075
MS Zaandam,2020-03-31 19:41:11,0.0,0.0,2,0,0,2
Madagascar,2020-03-31 19:41:11,-18.766947,46.869107,57,0,0,57
Malaysia,2020-03-31 19:41:11,4.210483999999999,101.975766,2766,43,537,2186
Maldives,2020-03-31 19:41:11,3.2028,73.2207,18,0,13,5
Mali,2020-03-31 19:41:11,17.570692,-3.996166000000001,28,2,0,26
Malta,2020-03-31 19:41:11,35.9375,14.3754,169,0,2,167
Mauritania,2020-03-31 19:41:11,21.0079,-10.9408,6,1,2,3
Mauritius,2020-03-31 19:41:11,-20.348404,57.552152,143,5,0,138
Mexico,2020-03-31 19:41:11,23.6345,-102.5528,1094,28,35,1031
Moldova,2020-03-31 19:41:11,47.4116,28.3699,353,4,18,331
Monaco,2020-03-31 19:41:11,43.7333,7.4167,52,1,2,49
Mongolia,2020-03-31 19:41:11,46.8625,103.8467,12,0,2,10
Montenegro,2020-03-31 19:41:11,42.708678000000006,19.37439,109,2,0,107
Morocco,2020-03-31 19:41:11,31.7917,-7.0926,602,36,24,542
Mozambique,2020-03-31 19:41:11,-18.665695,35.529562,8,0,0,8
Namibia,2020-03-31 19:41:11,-22.9576,18.4904,11,0,2,9
Nepal,2020-03-31 19:41:11,28.1667,84.25,5,0,1,4
New Zealand,2020-03-31 19:41:11,-40.9006,174.886,647,1,74,572
Nicaragua,2020-03-31 19:41:11,12.865416,-85.207229,4,1,0,3
Niger,2020-03-31 19:41:11,17.607789,8.081666,27,3,0,24
Nigeria,2020-03-31 19:41:11,9.082,8.6753,135,2,8,125
North Macedonia,2020-03-31 19:41:11,41.6086,21.7453,329,9,12,308
Oman,2020-03-31 19:41:11,21.512583,55.92325500000001,192,0,34,158
Pakistan,2020-03-31 19:41:11,30.3753,69.3451,1938,26,76,1836
Panama,2020-03-31 19:41:11,8.538,-80.7821,1075,27,9,1039
Papua New Guinea,2020-03-31 19:41:11,-6.314993,143.95555,1,0,0,1
Paraguay,2020-03-31 19:41:11,-23.4425,-58.4438,65,3,1,61
Peru,2020-03-31 19:41:11,-9.19,-75.0152,1065,30,394,641
Philippines,2020-03-31 19:41:11,12.879721,121.774017,2084,88,49,1947
Poland,2020-03-31 19:41:11,51.9194,19.1451,2311,33,7,2271
Portugal,2020-03-31 19:41:11,39.3999,-8.2245,7443,160,43,7240
Qatar,2020-03-31 19:41:11,25.3548,51.1839,781,2,62,717
Romania,2020-03-31 19:41:11,45.9432,24.9668,2245,82,220,1943
Rwanda,2020-03-31 19:41:11,-1.9403,29.8739,75,0,0,75
Saint Kitts and Nevis,2020-03-31 19:41:11,17.357822,-62.782998,8,0,0,8
Saint Lucia,2020-03-31 19:41:11,13.9094,-60.9789,9,0,1,8
Saint Vincent and the Grenadines,2020-03-31 19:41:11,12.9843,-61.2872,1,0,1,0
San Marino,2020-03-31 19:41:11,43.9424,12.4578,230,25,13,192
Saudi Arabia,2020-03-31 19:41:11,23.885942,45.079162,1563,10,165,1388
Senegal,2020-03-31 19:41:11,14.4974,-14.4524,175,0,40,135
Serbia,2020-03-31 19:41:11,44.0165,21.0059,785,16,0,769
Seychelles,2020-03-31 19:41:11,-4.6796,55.492,10,0,0,10
Sierra Leone,2020-03-31 19:41:11,8.460555000000001,-11.779889,1,0,0,1
Singapore,2020-03-31 19:41:11,1.2833,103.8333,926,3,240,683
Slovakia,2020-03-31 19:41:11,48.669,19.699,363,0,3,360
Slovenia,2020-03-31 19:41:11,46.1512,14.9955,802,15,10,777
Somalia,2020-03-31 19:41:11,5.152149,46.199616,5,0,1,4
South Africa,2020-03-31 19:41:11,-30.5595,22.9375,1353,3,31,1319
Spain,2020-03-31 19:41:11,40.463667,-3.74922,94417,8269,19259,66889
Sri Lanka,2020-03-31 19:41:11,7.873054,80.77179699999998,143,2,17,124
Sudan,2020-03-31 19:41:11,12.8628,30.2176,7,2,1,4
Suriname,2020-03-31 19:41:11,3.9193,-56.0278,8,0,0,8
Syria,2020-03-31 19:41:11,34.802075,38.99681500000001,10,2,0,8
Taiwan*,2020-03-31 07:26:59,23.7,121.0,322,5,39,278
Tanzania,2020-03-31 19:41:11,-6.369028,34.888822,19,1,1,17
Thailand,2020-03-31 19:41:11,15.870032,100.992541,1651,10,342,1299
Timor-Leste,2020-03-31 19:41:11,-8.874217,125.727539,1,0,0,1
Togo,2020-03-31 19:41:11,8.6195,0.8248,34,1,10,23
Trinidad and Tobago,2020-03-31 19:41:11,10.6918,-61.2225,85,3,1,81
Tunisia,2020-03-31 19:41:11,33.886917,9.537499,362,10,3,349
Turkey,2020-03-31 19:41:11,38.9637,35.2433,13531,214,243,13074
Uganda,2020-03-31 19:41:11,1.373333,32.290275,44,0,0,44
Ukraine,2020-03-31 19:41:11,48.3794,31.1656,618,13,8,597
United Arab Emirates,2020-03-31 19:41:11,23.424076,53.847818,664,6,61,597
Uruguay,2020-03-31 19:41:11,-32.5228,-55.7658,320,1,25,294
Uzbekistan,2020-03-31 19:41:11,41.377491,64.585262,172,2,7,163
Venezuela,2020-03-31 19:41:11,6.4238,-66.5897,135,3,39,93
Vietnam,2020-03-31 19:41:11,14.058324,108.277199,207,0,58,149
West Bank and Gaza,2020-03-31 19:41:11,31.9522,35.2332,117,1,18,98
Zambia,2020-03-31 19:41:11,-13.133897,27.849332,35,0,0,35
Zimbabwe,2020-03-31 19:41:11,-19.015438,29.154857,8,1,0,7
=======
=======
>>>>>>> Stashed changes
=======
>>>>>>> Stashed changes
Australia,2020-03-29 22:05:00,-25.0,133.0,3980,16,244,3720
Austria,2020-03-29 21:59:35,47.5162,14.5501,8774,86,479,8209
Canada,2020-03-29 22:04:47,60.001000000000005,-95.001,6280,64,466,0
China,2020-03-29 14:25:46,30.5928,114.3055,82122,3304,75582,3236
Denmark,2020-03-29 21:59:35,56.0,10.0,2564,72,73,2419
Finland,2020-03-29 21:59:35,61.9241,25.7482,1240,11,10,1219
France,2020-03-29 21:59:35,46.2276,2.2137,40704,2609,7226,30869
Germany,2020-03-29 21:59:35,51.1657,10.4515,62095,525,9211,52359
Iceland,2020-03-29 21:59:35,64.9631,-19.0208,1020,2,135,883
Ireland,2020-03-29 21:59:35,53.1424,-7.6921,2615,46,5,2564
Italy,2020-03-29 21:59:35,41.8719,12.5674,97689,10779,13030,73880
Netherlands,2020-03-29 21:59:35,52.3167,5.55,10930,772,253,9905
Norway,2020-03-29 21:59:35,60.472,8.4689,4271,25,7,4239
Russia,2020-03-29 21:59:35,61.523999999999994,105.3188,1534,8,64,1462
Sweden,2020-03-29 21:59:35,60.1282,18.6435,3700,110,16,3574
Switzerland,2020-03-29 21:59:35,46.8182,8.2275,14829,300,1595,12934
United Kingdom,2020-03-29 21:59:35,55.0,-3.0,19780,1231,151,18398
US,2020-03-29 21:59:47,40.0,-100.0,139675,2436,2661,0
Afghanistan,2020-03-29 21:59:35,33.93911,67.709953,120,4,2,114
Albania,2020-03-29 21:59:35,41.1533,20.1683,212,10,33,169
Algeria,2020-03-29 21:59:35,28.0339,1.6596,511,31,31,449
Andorra,2020-03-29 21:59:35,42.5063,1.5218,334,6,1,327
Angola,2020-03-29 21:59:35,-11.2027,17.8739,7,2,0,5
Antigua and Barbuda,2020-03-29 21:59:35,17.0608,-61.7964,7,0,0,7
Argentina,2020-03-29 21:59:35,-38.4161,-63.6167,745,19,72,654
Armenia,2020-03-29 21:59:35,40.0691,45.0382,424,3,30,391
Azerbaijan,2020-03-29 21:59:35,40.1431,47.5769,209,4,15,190
Bahamas,2020-03-29 21:59:35,25.025885,-78.035889,11,0,1,10
Bahrain,2020-03-29 21:59:35,26.0275,50.55,499,4,272,223
Bangladesh,2020-03-29 21:59:35,23.685,90.3563,48,5,15,28
Barbados,2020-03-29 21:59:35,13.1939,-59.5432,26,0,0,26
Belarus,2020-03-29 21:59:35,53.7098,27.9534,94,0,32,62
Belgium,2020-03-29 21:59:35,50.8333,4.469936,10836,431,1359,9046
Belize,2020-03-29 21:59:35,17.1899,-88.4976,2,0,0,2
Benin,2020-03-29 21:59:35,9.3077,2.3158,6,0,0,6
Bhutan,2020-03-29 21:59:35,27.5142,90.4336,4,0,0,4
Bolivia,2020-03-29 21:59:35,-16.2902,-63.5887,81,1,0,80
Bosnia and Herzegovina,2020-03-29 21:59:35,43.9159,17.6791,323,6,8,309
Brazil,2020-03-29 21:59:35,-14.235,-51.9253,4256,136,6,4114
Brunei,2020-03-29 21:59:35,4.5353,114.7277,126,1,34,91
Bulgaria,2020-03-29 21:59:35,42.7339,25.4858,346,8,14,324
Burkina Faso,2020-03-29 21:59:35,12.2383,-1.5616,222,12,23,187
Burma,2020-03-29 21:59:35,21.9162,95.956,10,0,0,10
Cabo Verde,2020-03-29 21:59:35,16.5388,-23.0418,6,1,0,5
Cambodia,2020-03-29 21:59:35,11.55,104.9167,103,0,21,82
Cameroon,2020-03-29 21:59:35,3.848,11.5021,139,6,5,128
Central African Republic,2020-03-29 21:59:35,6.6111,20.9394,3,0,0,3
Chad,2020-03-29 21:59:35,15.4542,18.7322,3,0,0,3
Chile,2020-03-29 21:59:35,-35.6751,-71.543,2139,7,75,2057
Colombia,2020-03-29 21:59:35,4.5709,-74.2973,702,10,10,682
Congo (Brazzaville),2020-03-29 21:59:35,-4.2634,15.2832,19,0,0,19
Congo (Kinshasa),2020-03-29 21:59:35,-4.322447,15.307045,65,6,2,57
Costa Rica,2020-03-29 21:59:35,9.7489,-83.7534,314,2,3,309
Cote d'Ivoire,2020-03-29 21:59:35,7.54,-5.5471,165,1,4,160
Croatia,2020-03-29 21:59:35,45.1,15.2,713,6,52,655
Cuba,2020-03-29 21:59:35,21.521757,-77.78116700000002,139,3,4,132
Cyprus,2020-03-29 21:59:35,35.1264,33.4299,214,5,15,194
Czechia,2020-03-29 21:59:35,49.8175,15.473,2775,16,11,2748
Diamond Princess,2020-03-29 21:59:35,0.0,0.0,712,10,603,99
Djibouti,2020-03-29 21:59:35,11.8251,42.5903,18,0,0,18
Dominica,2020-03-29 21:59:35,15.415,-61.371,11,0,0,11
Dominican Republic,2020-03-29 21:59:35,18.7357,-70.1627,859,39,3,817
Ecuador,2020-03-29 21:59:35,-1.8312,-78.1834,1890,57,3,1830
Egypt,2020-03-29 21:59:35,26.820553000000004,30.802498,609,40,132,437
El Salvador,2020-03-29 21:59:35,13.7942,-88.8965,24,0,0,24
Equatorial Guinea,2020-03-29 21:59:35,1.6508,10.2679,12,0,0,12
Eritrea,2020-03-29 21:59:35,15.1794,39.7823,12,0,0,12
Estonia,2020-03-29 21:59:35,58.5953,25.0136,679,3,20,656
Eswatini,2020-03-29 21:59:35,-26.5225,31.4659,9,0,0,9
Ethiopia,2020-03-29 21:59:35,9.145,40.4897,19,0,1,18
Fiji,2020-03-29 21:59:35,-17.7134,178.065,5,0,0,5
Gabon,2020-03-29 21:59:35,-0.8037,11.6094,7,1,0,6
Gambia,2020-03-29 21:59:35,13.4432,-15.3101,4,1,0,3
Georgia,2020-03-29 21:59:35,42.3154,43.3569,91,0,18,73
Ghana,2020-03-29 21:59:35,7.9465,-1.0232,152,5,2,145
Greece,2020-03-29 21:59:35,39.0742,21.8243,1156,38,52,1066
Grenada,2020-03-29 21:59:35,12.1165,-61.679,9,0,0,9
Guatemala,2020-03-29 21:59:35,15.7835,-90.2308,34,1,10,23
Guinea,2020-03-29 21:59:35,9.9456,-9.6966,16,0,0,16
Guinea-Bissau,2020-03-29 21:59:35,11.8037,-15.1804,2,0,0,2
Guyana,2020-03-29 21:59:35,4.860416000000002,-58.93018000000001,8,1,0,7
Haiti,2020-03-29 21:59:35,18.9712,-72.2852,15,0,1,14
Holy See,2020-03-29 21:59:35,41.9029,12.4534,6,0,0,6
Honduras,2020-03-29 21:59:35,15.2,-86.2419,110,2,3,105
Hungary,2020-03-29 21:59:35,47.1625,19.5033,408,13,34,361
India,2020-03-29 21:59:35,20.593684,78.96288,1024,27,95,902
Indonesia,2020-03-29 21:59:35,-0.7893,113.9213,1285,114,64,1107
Iran,2020-03-29 21:59:35,32.427908,53.68804599999999,38309,2640,12391,23278
Iraq,2020-03-29 21:59:35,33.223191,43.679291,547,42,143,362
Israel,2020-03-29 21:59:35,31.046051,34.851612,4247,15,132,4100
Jamaica,2020-03-29 21:59:35,18.1096,-77.2975,32,1,2,29
Japan,2020-03-29 21:59:35,36.204824,138.252924,1866,54,424,1388
Jordan,2020-03-29 21:59:35,31.24,36.51,259,3,18,238
Kazakhstan,2020-03-29 21:59:35,48.0196,66.9237,284,1,20,263
Kenya,2020-03-29 21:59:35,-0.0236,37.9062,42,1,1,40
"Korea, South",2020-03-29 21:59:35,35.90775700000001,127.766922,9583,152,5033,4398
Kosovo,2020-03-29 21:59:35,42.602636,20.902977,94,1,1,92
Kuwait,2020-03-29 21:59:35,29.31166,47.481766,255,0,67,188
Kyrgyzstan,2020-03-29 21:59:35,41.20438,74.766098,84,0,0,84
Laos,2020-03-29 21:59:35,19.85627,102.495496,8,0,0,8
Latvia,2020-03-29 21:59:35,56.8796,24.6032,347,0,1,346
Lebanon,2020-03-29 21:59:35,33.8547,35.8623,438,10,30,398
Liberia,2020-03-29 21:59:35,6.4280550000000005,-9.429499,3,0,0,3
Libya,2020-03-29 21:59:35,26.3351,17.228331,8,0,0,8
Liechtenstein,2020-03-29 21:59:35,47.14,9.55,56,0,0,56
Lithuania,2020-03-29 21:59:35,55.1694,23.8813,460,7,1,452
Luxembourg,2020-03-29 21:59:35,49.8153,6.1296,1950,21,40,1889
MS Zaandam,2020-03-29 21:59:35,0.0,0.0,2,0,0,2
Madagascar,2020-03-29 21:59:35,-18.766947,46.869107,39,0,0,39
Malaysia,2020-03-29 21:59:35,4.210483999999999,101.975766,2470,35,388,2047
Maldives,2020-03-29 21:59:35,3.2028,73.2207,17,0,13,4
Mali,2020-03-29 21:59:35,17.570692,-3.996166000000001,18,1,0,17
Malta,2020-03-29 21:59:35,35.9375,14.3754,151,0,2,149
Mauritania,2020-03-29 21:59:35,21.0079,-10.9408,5,0,0,5
Mauritius,2020-03-29 21:59:35,-20.348404,57.552152,107,3,0,104
Mexico,2020-03-29 21:59:35,23.6345,-102.5528,848,16,4,828
Moldova,2020-03-29 21:59:35,47.4116,28.3699,263,2,2,259
Monaco,2020-03-29 21:59:35,43.7333,7.4167,43,1,1,41
Mongolia,2020-03-29 21:59:35,46.8625,103.8467,12,0,0,12
Montenegro,2020-03-29 21:59:35,42.708678000000006,19.37439,85,1,0,84
Morocco,2020-03-29 21:59:35,31.7917,-7.0926,479,26,13,440
Mozambique,2020-03-29 21:59:35,-18.665695,35.529562,8,0,0,8
Namibia,2020-03-29 21:59:35,-22.9576,18.4904,11,0,2,9
Nepal,2020-03-29 21:59:35,28.1667,84.25,5,0,1,4
New Zealand,2020-03-29 21:59:35,-40.9006,174.886,514,1,56,457
Nicaragua,2020-03-29 21:59:35,12.865416,-85.207229,4,1,0,3
Niger,2020-03-29 21:59:35,17.607789,8.081666,18,1,0,17
Nigeria,2020-03-29 21:59:35,9.082,8.6753,111,1,3,107
North Macedonia,2020-03-29 21:59:35,41.6086,21.7453,259,6,3,250
Oman,2020-03-29 21:59:35,21.512583,55.92325500000001,167,0,23,144
Pakistan,2020-03-29 21:59:35,30.3753,69.3451,1597,14,29,1554
Panama,2020-03-29 21:59:35,8.538,-80.7821,901,17,4,880
Papua New Guinea,2020-03-29 21:59:35,-6.314993,143.95555,1,0,0,1
Paraguay,2020-03-29 21:59:35,-23.4425,-58.4438,56,3,1,52
Peru,2020-03-29 21:59:35,-9.19,-75.0152,852,18,16,818
Philippines,2020-03-29 21:59:35,12.879721,121.774017,1418,71,42,1305
Poland,2020-03-29 21:59:35,51.9194,19.1451,1862,22,7,1833
Portugal,2020-03-29 21:59:35,39.3999,-8.2245,5962,119,43,5800
Qatar,2020-03-29 21:59:35,25.3548,51.1839,634,1,48,585
Romania,2020-03-29 21:59:35,45.9432,24.9668,1815,43,206,1566
Rwanda,2020-03-29 21:59:35,-1.9403,29.8739,60,0,0,60
Saint Kitts and Nevis,2020-03-29 21:59:35,17.357822,-62.782998,2,0,0,2
Saint Lucia,2020-03-29 21:59:35,13.9094,-60.9789,4,0,1,3
Saint Vincent and the Grenadines,2020-03-29 21:59:35,12.9843,-61.2872,1,0,1,0
San Marino,2020-03-29 21:59:35,43.9424,12.4578,224,22,6,196
Saudi Arabia,2020-03-29 21:59:35,23.885942,45.079162,1299,8,66,1225
Senegal,2020-03-29 21:59:35,14.4974,-14.4524,142,0,27,115
Serbia,2020-03-29 21:59:35,44.0165,21.0059,741,13,0,728
Seychelles,2020-03-29 21:59:35,-4.6796,55.492,8,0,0,8
Singapore,2020-03-29 21:59:35,1.2833,103.8333,844,3,212,629
Slovakia,2020-03-29 21:59:35,48.669,19.699,314,0,2,312
Slovenia,2020-03-29 21:59:35,46.1512,14.9955,730,11,10,709
Somalia,2020-03-29 21:59:35,5.152149,46.199616,3,0,0,3
South Africa,2020-03-29 21:59:35,-30.5595,22.9375,1280,2,31,1247
Spain,2020-03-29 21:59:35,40.463667,-3.74922,80031,6802,14709,58520
Sri Lanka,2020-03-29 21:59:35,7.873054,80.77179699999998,117,1,11,105
Sudan,2020-03-29 21:59:35,12.8628,30.2176,6,1,0,5
Suriname,2020-03-29 21:59:35,3.9193,-56.0278,8,0,0,8
Syria,2020-03-29 21:59:35,34.802075,38.99681500000001,9,1,0,8
Taiwan*,2020-03-29 08:04:48,23.7,121.0,298,2,30,266
Tanzania,2020-03-29 21:59:35,-6.369028,34.888822,14,0,1,13
Thailand,2020-03-29 21:59:35,15.870032,100.992541,1388,7,97,1284
Timor-Leste,2020-03-29 21:59:35,-8.874217,125.727539,1,0,0,1
Togo,2020-03-29 21:59:35,8.6195,0.8248,25,1,1,23
Trinidad and Tobago,2020-03-29 21:59:35,10.6918,-61.2225,78,3,1,74
Tunisia,2020-03-29 21:59:35,33.886917,9.537499,312,8,2,302
Turkey,2020-03-29 21:59:35,38.9637,35.2433,9217,131,105,8981
Uganda,2020-03-29 21:59:35,1.373333,32.290275,33,0,0,33
Ukraine,2020-03-29 21:59:35,48.3794,31.1656,475,10,6,459
United Arab Emirates,2020-03-29 21:59:35,23.424076,53.847818,570,3,58,509
Uruguay,2020-03-29 21:59:35,-32.5228,-55.7658,304,1,0,303
Uzbekistan,2020-03-29 21:59:35,41.377491,64.585262,144,2,7,135
Venezuela,2020-03-29 21:59:35,6.4238,-66.5897,119,2,39,78
Vietnam,2020-03-29 21:59:35,14.058324,108.277199,188,0,25,163
West Bank and Gaza,2020-03-29 21:59:35,31.9522,35.2332,108,1,18,89
Zambia,2020-03-29 21:59:35,-13.133897,27.849332,29,0,0,29
Zimbabwe,2020-03-29 21:59:35,-19.015438,29.154857,7,1,0,6
<<<<<<< Updated upstream
<<<<<<< Updated upstream
>>>>>>> Stashed changes
=======
>>>>>>> Stashed changes
=======
>>>>>>> Stashed changes
=======
Australia,2020-04-03 00:42:13,-25.0,133.0,5116,24,520,4572
Austria,2020-04-03 00:35:28,47.5162,14.5501,11129,158,1749,9222
Canada,2020-04-03 00:42:00,60.001000000000005,-95.001,11284,139,1750,0
China,2020-04-02 23:33:43,30.5928,114.3055,82433,3322,76565,2546
Denmark,2020-04-03 00:35:28,56.0,10.0,3573,123,1172,2278
Finland,2020-04-03 00:35:28,61.9241,25.7482,1518,19,300,1199
France,2020-04-03 00:35:28,46.2276,2.2137,59929,5398,12548,41983
Germany,2020-04-03 00:35:28,51.1657,10.4515,84794,1107,22440,61247
Iceland,2020-04-03 00:35:28,64.9631,-19.0208,1319,4,284,1031
Ireland,2020-04-03 00:35:28,53.1424,-7.6921,3849,98,5,3746
Italy,2020-04-03 00:35:28,41.8719,12.5674,115242,13915,18278,83049
Netherlands,2020-04-03 00:35:28,52.3167,5.55,14788,1341,260,13187
Norway,2020-04-03 00:35:28,60.472,8.4689,5147,50,32,5065
Russia,2020-04-03 00:35:28,61.523999999999994,105.3188,3548,30,235,3283
Sweden,2020-04-03 00:35:28,60.1282,18.6435,5568,308,103,5157
Switzerland,2020-04-03 00:35:28,46.8182,8.2275,18827,536,4013,14278
United Kingdom,2020-04-03 00:35:28,55.0,-3.0,34173,2926,192,31055
US,2020-04-03 00:35:42,40.0,-100.0,244678,5911,9058,0
Afghanistan,2020-04-03 00:35:28,33.93911,67.709953,273,6,10,257
Albania,2020-04-03 00:35:28,41.1533,20.1683,277,16,76,185
Algeria,2020-04-03 00:35:28,28.0339,1.6596,986,86,61,839
Andorra,2020-04-03 00:35:28,42.5063,1.5218,428,15,10,403
Angola,2020-04-03 00:35:28,-11.2027,17.8739,8,2,1,5
Antigua and Barbuda,2020-04-03 00:35:28,17.0608,-61.7964,9,0,0,9
Argentina,2020-04-03 00:35:28,-38.4161,-63.6167,1265,36,256,973
Armenia,2020-04-03 00:35:28,40.0691,45.0382,663,7,33,623
Azerbaijan,2020-04-03 00:35:28,40.1431,47.5769,400,5,26,369
Bahamas,2020-04-03 00:35:28,25.025885,-78.035889,24,1,1,22
Bahrain,2020-04-03 00:35:28,26.0275,50.55,643,4,381,258
Bangladesh,2020-04-03 00:35:28,23.685,90.3563,56,6,25,25
Barbados,2020-04-03 00:35:28,13.1939,-59.5432,46,0,0,46
Belarus,2020-04-03 00:35:28,53.7098,27.9534,304,4,53,247
Belgium,2020-04-03 00:35:28,50.8333,4.469936,15348,1011,2495,11842
Belize,2020-04-03 00:35:28,17.1899,-88.4976,3,0,0,3
Benin,2020-04-03 00:35:28,9.3077,2.3158,13,0,1,12
Bhutan,2020-04-03 00:35:28,27.5142,90.4336,5,0,1,4
Bolivia,2020-04-03 00:35:28,-16.2902,-63.5887,123,8,1,114
Bosnia and Herzegovina,2020-04-03 00:35:28,43.9159,17.6791,533,16,20,497
Botswana,2020-04-03 00:35:28,-22.3285,24.6849,4,1,0,3
Brazil,2020-04-03 00:35:28,-14.235,-51.9253,8044,324,127,7593
Brunei,2020-04-03 00:35:28,4.5353,114.7277,133,1,56,76
Bulgaria,2020-04-03 00:35:28,42.7339,25.4858,457,10,25,422
Burkina Faso,2020-04-03 00:35:28,12.2383,-1.5616,288,16,50,222
Burma,2020-04-03 00:35:28,21.9162,95.956,20,1,0,19
Burundi,2020-04-03 00:35:28,-3.3731,29.9189,3,0,0,3
Cabo Verde,2020-04-03 00:35:28,16.5388,-23.0418,6,1,0,5
Cambodia,2020-04-03 00:35:28,11.55,104.9167,110,0,34,76
Cameroon,2020-04-03 00:35:28,3.848,11.5021,306,7,10,289
Central African Republic,2020-04-03 00:35:28,6.6111,20.9394,3,0,0,3
Chad,2020-04-03 00:35:28,15.4542,18.7322,8,0,0,8
Chile,2020-04-03 00:35:28,-35.6751,-71.543,3404,18,335,3051
Colombia,2020-04-03 00:35:28,4.5709,-74.2973,1161,19,55,1087
Congo (Brazzaville),2020-04-03 00:35:28,-4.2634,15.2832,22,2,2,18
Congo (Kinshasa),2020-04-03 00:35:28,-4.322447,15.307045,134,13,3,118
Costa Rica,2020-04-03 00:35:28,9.7489,-83.7534,396,2,6,388
Cote d'Ivoire,2020-04-03 00:35:28,7.54,-5.5471,194,1,15,178
Croatia,2020-04-03 00:35:28,45.1,15.2,1011,7,88,916
Cuba,2020-04-03 00:35:28,21.521757,-77.78116700000002,233,6,13,214
Cyprus,2020-04-03 00:35:28,35.1264,33.4299,356,10,28,318
Czechia,2020-04-03 00:35:28,49.8175,15.473,3858,44,67,3747
Diamond Princess,2020-04-03 00:35:28,,,712,11,619,82
Djibouti,2020-04-03 00:35:28,11.8251,42.5903,40,0,0,40
Dominica,2020-04-03 00:35:28,15.415,-61.371,12,0,0,12
Dominican Republic,2020-04-03 00:35:28,18.7357,-70.1627,1380,60,16,1304
Ecuador,2020-04-03 00:35:28,-1.8312,-78.1834,3163,120,65,2978
Egypt,2020-04-03 00:35:28,26.820553000000004,30.802498,865,58,201,606
El Salvador,2020-04-03 00:35:28,13.7942,-88.8965,41,2,0,39
Equatorial Guinea,2020-04-03 00:35:28,1.6508,10.2679,15,0,1,14
Eritrea,2020-04-03 00:35:28,15.1794,39.7823,22,0,0,22
Estonia,2020-04-03 00:35:28,58.5953,25.0136,858,11,45,802
Eswatini,2020-04-03 00:35:28,-26.5225,31.4659,9,0,0,9
Ethiopia,2020-04-03 00:35:28,9.145,40.4897,29,0,3,26
Fiji,2020-04-03 00:35:28,-17.7134,178.065,7,0,0,7
Gabon,2020-04-03 00:35:28,-0.8037,11.6094,21,1,0,20
Gambia,2020-04-03 00:35:28,13.4432,-15.3101,4,1,2,1
Georgia,2020-04-03 00:35:28,42.3154,43.3569,134,0,26,108
Ghana,2020-04-03 00:35:28,7.9465,-1.0232,204,5,31,168
Greece,2020-04-03 00:35:28,39.0742,21.8243,1544,53,61,1430
Grenada,2020-04-03 00:35:28,12.1165,-61.679,10,0,0,10
Guatemala,2020-04-03 00:35:28,15.7835,-90.2308,47,1,12,34
Guinea,2020-04-03 00:35:28,9.9456,-9.6966,52,0,0,52
Guinea-Bissau,2020-04-03 00:35:28,11.8037,-15.1804,9,0,0,9
Guyana,2020-04-03 00:35:28,4.860416000000002,-58.93018000000001,19,4,0,15
Haiti,2020-04-03 00:35:28,18.9712,-72.2852,16,0,1,15
Holy See,2020-04-03 00:35:28,41.9029,12.4534,7,0,0,7
Honduras,2020-04-03 00:35:28,15.2,-86.2419,219,14,3,202
Hungary,2020-04-03 00:35:28,47.1625,19.5033,585,21,42,522
India,2020-04-03 00:35:28,20.593684,78.96288,2543,72,191,2280
Indonesia,2020-04-03 00:35:28,-0.7893,113.9213,1790,170,112,1508
Iran,2020-04-03 00:35:28,32.427908,53.68804599999999,50468,3160,16711,30597
Iraq,2020-04-03 00:35:28,33.223191,43.679291,772,54,202,516
Israel,2020-04-03 00:35:28,31.046051,34.851612,6857,36,338,6483
Jamaica,2020-04-03 00:35:28,18.1096,-77.2975,47,3,2,42
Japan,2020-04-03 00:35:28,36.204824,138.252924,2495,62,472,1961
Jordan,2020-04-03 00:35:28,31.24,36.51,299,5,45,249
Kazakhstan,2020-04-03 00:35:28,48.0196,66.9237,435,3,27,405
Kenya,2020-04-03 00:35:28,-0.0236,37.9062,110,3,4,103
"Korea, South",2020-04-03 00:35:28,35.90775700000001,127.766922,9976,169,5828,3979
Kosovo,2020-04-03 00:35:28,42.602636,20.902977,125,1,10,114
Kuwait,2020-04-03 00:35:28,29.31166,47.481766,342,0,81,261
Kyrgyzstan,2020-04-03 00:35:28,41.20438,74.766098,116,0,5,111
Laos,2020-04-03 00:35:28,19.85627,102.495496,10,0,0,10
Latvia,2020-04-03 00:35:28,56.8796,24.6032,458,0,31,427
Lebanon,2020-04-03 00:35:28,33.8547,35.8623,494,16,46,432
Liberia,2020-04-03 00:35:28,6.4280550000000005,-9.429499,6,0,0,6
Libya,2020-04-03 00:35:28,26.3351,17.228331,11,1,0,10
Liechtenstein,2020-04-03 00:35:28,47.14,9.55,75,0,0,75
Lithuania,2020-04-03 00:35:28,55.1694,23.8813,649,9,7,633
Luxembourg,2020-04-03 00:35:28,49.8153,6.1296,2487,30,80,2377
MS Zaandam,2020-04-03 00:35:28,,,9,2,0,7
Madagascar,2020-04-03 00:35:28,-18.766947,46.869107,59,0,0,59
Malawi,2020-04-03 00:35:28,-13.254307999999998,34.301525,3,0,0,3
Malaysia,2020-04-03 00:35:28,4.210483999999999,101.975766,3116,50,767,2299
Maldives,2020-04-03 00:35:28,3.2028,73.2207,19,0,13,6
Mali,2020-04-03 00:35:28,17.570692,-3.996166000000001,36,3,0,33
Malta,2020-04-03 00:35:28,35.9375,14.3754,196,0,2,194
Mauritania,2020-04-03 00:35:28,21.0079,-10.9408,6,1,2,3
Mauritius,2020-04-03 00:35:28,-20.348404,57.552152,169,7,0,162
Mexico,2020-04-03 00:35:28,23.6345,-102.5528,1378,37,35,1306
Moldova,2020-04-03 00:35:28,47.4116,28.3699,505,6,23,476
Monaco,2020-04-03 00:35:28,43.7333,7.4167,60,1,2,57
Mongolia,2020-04-03 00:35:28,46.8625,103.8467,14,0,2,12
Montenegro,2020-04-03 00:35:28,42.708678000000006,19.37439,144,2,0,142
Morocco,2020-04-03 00:35:28,31.7917,-7.0926,708,44,31,633
Mozambique,2020-04-03 00:35:28,-18.665695,35.529562,10,0,0,10
Namibia,2020-04-03 00:35:28,-22.9576,18.4904,14,0,3,11
Nepal,2020-04-03 00:35:28,28.1667,84.25,6,0,1,5
New Zealand,2020-04-03 00:35:28,-40.9006,174.886,797,1,92,704
Nicaragua,2020-04-03 00:35:28,12.865416,-85.207229,5,1,0,4
Niger,2020-04-03 00:35:28,17.607789,8.081666,98,5,0,93
Nigeria,2020-04-03 00:35:28,9.082,8.6753,184,2,20,162
North Macedonia,2020-04-03 00:35:28,41.6086,21.7453,384,11,17,356
Oman,2020-04-03 00:35:28,21.512583,55.92325500000001,231,1,57,173
Pakistan,2020-04-03 00:35:28,30.3753,69.3451,2421,34,125,2262
Panama,2020-04-03 00:35:28,8.538,-80.7821,1475,37,9,1429
Papua New Guinea,2020-04-03 00:35:28,-6.314993,143.95555,1,0,0,1
Paraguay,2020-04-03 00:35:28,-23.4425,-58.4438,77,3,2,72
Peru,2020-04-03 00:35:28,-9.19,-75.0152,1414,55,537,822
Philippines,2020-04-03 00:35:28,12.879721,121.774017,2633,107,51,2475
Poland,2020-04-03 00:35:28,51.9194,19.1451,2946,57,56,2833
Portugal,2020-04-03 00:35:28,39.3999,-8.2245,9034,209,68,8757
Qatar,2020-04-03 00:35:28,25.3548,51.1839,949,3,72,874
Romania,2020-04-03 00:35:28,45.9432,24.9668,2738,115,267,2356
Rwanda,2020-04-03 00:35:28,-1.9403,29.8739,84,0,0,84
Saint Kitts and Nevis,2020-04-03 00:35:28,17.357822,-62.782998,9,0,0,9
Saint Lucia,2020-04-03 00:35:28,13.9094,-60.9789,13,0,1,12
Saint Vincent and the Grenadines,2020-04-03 00:35:28,12.9843,-61.2872,2,0,1,1
San Marino,2020-04-03 00:35:28,43.9424,12.4578,245,30,21,194
Saudi Arabia,2020-04-03 00:35:28,23.885942,45.079162,1885,21,328,1536
Senegal,2020-04-03 00:35:28,14.4974,-14.4524,195,1,55,139
Serbia,2020-04-03 00:35:28,44.0165,21.0059,1171,31,0,1140
Seychelles,2020-04-03 00:35:28,-4.6796,55.492,10,0,0,10
Sierra Leone,2020-04-03 00:35:28,8.460555000000001,-11.779889,2,0,0,2
Singapore,2020-04-03 00:35:28,1.2833,103.8333,1049,4,266,779
Slovakia,2020-04-03 00:35:28,48.669,19.699,426,1,5,420
Slovenia,2020-04-03 00:35:28,46.1512,14.9955,897,17,70,810
Somalia,2020-04-03 00:35:28,5.152149,46.199616,5,0,1,4
South Africa,2020-04-03 00:35:28,-30.5595,22.9375,1462,5,50,1407
Spain,2020-04-03 00:35:28,40.463667,-3.74922,112065,10348,26743,74974
Sri Lanka,2020-04-03 00:35:28,7.873054,80.77179699999998,151,4,21,126
Sudan,2020-04-03 00:35:28,12.8628,30.2176,8,2,2,4
Suriname,2020-04-03 00:35:28,3.9193,-56.0278,10,0,0,10
Syria,2020-04-03 00:35:28,34.802075,38.99681500000001,16,2,0,14
Taiwan*,2020-04-02 11:09:45,23.7,121.0,339,5,45,289
Tanzania,2020-04-03 00:35:28,-6.369028,34.888822,20,1,2,17
Thailand,2020-04-03 00:35:28,15.870032,100.992541,1875,15,505,1355
Timor-Leste,2020-04-03 00:35:28,-8.874217,125.727539,1,0,0,1
Togo,2020-04-03 00:35:28,8.6195,0.8248,39,2,17,20
Trinidad and Tobago,2020-04-03 00:35:28,10.6918,-61.2225,94,5,1,88
Tunisia,2020-04-03 00:35:28,33.886917,9.537499,455,14,5,436
Turkey,2020-04-03 00:35:28,38.9637,35.2433,18135,356,415,17364
Uganda,2020-04-03 00:35:28,1.373333,32.290275,45,0,0,45
Ukraine,2020-04-03 00:35:28,48.3794,31.1656,897,22,19,856
United Arab Emirates,2020-04-03 00:35:28,23.424076,53.847818,1024,8,96,920
Uruguay,2020-04-03 00:35:28,-32.5228,-55.7658,350,4,62,284
Uzbekistan,2020-04-03 00:35:28,41.377491,64.585262,205,2,25,178
Venezuela,2020-04-03 00:35:28,6.4238,-66.5897,146,5,43,98
Vietnam,2020-04-03 00:35:28,14.058324,108.277199,233,0,75,158
West Bank and Gaza,2020-04-03 00:35:28,31.9522,35.2332,161,1,18,142
Zambia,2020-04-03 00:35:28,-13.133897,27.849332,39,1,0,38
Zimbabwe,2020-04-03 00:35:28,-19.015438,29.154857,9,1,0,8
>>>>>>> ad964b4237278972cbc3560fd143ad3e8b54a05a
